name,susceptible,exposed,infected_tested,infected_nottested,removed_tested,removed_nottested
Appingedam,11969.999621553166,0.0002813271862405853,5.373525940469521e-06,7.522936316657329e-05,1.1011172658923102e-06,1.5415641722492345e-05
Bedum,10479.999618255339,0.00029008548357428455,5.130739728269153e-06,7.183035619576813e-05,9.798722030034648e-07,1.3718210842048508e-05
Ten Boer,7289.999795361828,0.00015961426197555397,2.5608704981416373e-06,3.585218697398292e-05,4.4072357621163414e-07,6.170130066962878e-06
Delfzijl,24974.998952213773,0.0007626167097420798,1.562858193760432e-05,0.0002188001471264605,3.3827192844509357e-06,4.735806998231309e-05
Groningen,202334.89096109627,0.07618258781127311,0.0017730845018462413,0.02482318302584738,0.00041733655849611505,0.00584271181894561
Grootegast,12164.9996190332,0.0002832613007065399,5.4064842972950766e-06,7.569078016213108e-05,1.10721569089966e-06,1.550101967259524e-05
Stein,25064.919140273923,0.05659459281567716,0.0013102667209442843,0.01834373409321998,0.0003074088296694578,0.00430372361537241
Vaals,9709.992950094349,0.004981502197963156,0.00011206260318773588,0.0015688764446283028,2.5830960341326825e-05,0.0003616334447785756
Venlo,101044.44222433839,2.9762760465026616,0.1153403922128203,1.6147654909794844,0.05675958212922663,0.7946341498091729
Haren,19574.997401260767,0.0018787008593452287,3.93551073658543e-05,0.0005509715031219601,8.647450547555282e-06,0.00012106430766577395
Leek,19629.99863424614,0.0009917027221028943,2.048031621411157e-05,0.000286724426997562,4.456426117980327e-06,6.238996565172459e-05
Loppersum,9899.99976915247,0.00017730371672983777,3.0150337412592296e-06,4.2210472377629225e-05,5.545537935371911e-07,7.763753109520677e-06
Marum,10399.999453221415,0.0003991184067994402,8.102482815225767e-06,0.00011343475941316076,1.7415290108587175e-06,2.438140615202205e-05
Almere,200889.75625247782,0.17066281203828962,0.003946896274345338,0.05525654784083474,0.0009254177366542812,0.012955848313159936
Voerendaal,12459.985141454219,0.010512854936225183,0.00023555579219021133,0.0032977810906629585,5.4156930745816385e-05,0.0007581970304414295
Stadskanaal,32244.998416571347,0.0011821376203025125,2.225560010521345e-05,0.0003115784014729883,4.497135741318114e-06,6.295990037845359e-05
Veendam,27529.998198385132,0.0013327922865282434,2.5886786815223458e-05,0.0003624150154131284,5.368051753898295e-06,7.515272455457611e-05
Zeewolde,22454.967657420766,0.02277590429811077,0.000517683321451621,0.007247566500322694,0.00012009500789073304,0.0016813301104702623
Winsum,13599.999469472421,0.00039645748504566576,7.438468708168276e-06,0.00010413856191435588,1.4995375602130191e-06,2.099352584298227e-05
Zuidhorn,18859.99863424161,0.0009881620641465142,2.0644749106073214e-05,0.00028902648748502506,4.528339242265768e-06,6.339674939172076e-05
Dongeradeel,23919.998350063495,0.0011747791390933375,2.581448711120917e-05,0.00036140281955692843,5.862670742220839e-06,8.207739039109176e-05
Achtkarspelen,27904.998766413235,0.0008913687981253624,1.8698461820154065e-05,0.0002617784654821569,4.116068875028945e-06,5.762496425040522e-05
Ameland,3629.9980172480223,0.0013907313284760728,3.199187452656996e-05,0.0004478862433719795,7.476168804842963e-06,0.00010466636326780149
Valkenburg aan de Geul,16449.965321965374,0.02435405854858206,0.0005581298342243541,0.007813817679140958,0.00013013523791118817,0.001821893330756634
Arnhem,155687.36346395503,4.037014164224247,0.15986682488200732,2.2381355483481022,0.08010130050098449,1.1214182070137828
Harlingen,15864.995238124427,0.0033550486875086687,7.614152438485927e-05,0.0010659813413880297,1.764693466898224e-05,0.0002470570853657513
Heerenveen,50189.98831955697,0.00825187502956357,0.00018573986824346693,0.0026003581554085373,4.283133174185154e-05,0.0005996386443859216
Kollumerland en Nieuwkruisland,12869.999919082136,6.774126223221766e-05,7.98421065729806e-07,1.1177894920217285e-05,8.00191211478026e-08,1.1202676960692365e-06
Leeuwarden,122209.95502502254,0.03148780414192873,0.0007283501938398264,0.010196902713757568,0.00017079469392414557,0.002391125714938038
Ooststellingwerf,25544.998360070418,0.0011823820975730137,2.497869877776365e-05,0.00034970178288869105,5.52446633099517e-06,7.734252863393238e-05
Opsterland,29714.998032589487,0.0014211442066722358,2.984424732240945e-05,0.00041781946251373233,6.573506493559126e-06,9.202909090982778e-05
Schiermonnikoog,939.9996147762239,0.000270074973883193,6.221378892714243e-06,8.709930449799941e-05,1.4552079213033806e-06,2.037291089824733e-05
Smallingerland,55674.995088963406,0.0035050478647815227,7.645457084815436e-05,0.001070363991874161,1.7278011537693076e-05,0.00024189216152770303
Terschelling,4854.996232871927,0.0026364085825094233,6.105498576613636e-05,0.0008547698007259092,1.4326313693892996e-05,0.00020056839171450196
Vlieland,1084.9999043737155,6.693945791913834e-05,1.5490990496494394e-06,2.1687386695092154e-05,3.6335603721796415e-07,5.0869845210514986e-06
Weststellingwerf,25614.997334906253,0.0019122405186124012,4.10218289446729e-05,0.0005743056052254206,9.168386326331244e-06,0.00012835740856863742
Assen,67544.97104065744,0.02037286298569601,0.00046448455390014285,0.0065027837546020005,0.000107947417847777,0.001511263849868878
Coevorden,35279.95480036756,0.031427464545249265,0.0007420094450202529,0.010388132230283542,0.00017613508147998333,0.0024658911407197666
Emmen,107499.96070154096,0.027578032024683792,0.0006334636188797659,0.008868490664316723,0.0001478981833956167,0.002070574567538634
Hoogeveen,55299.99152363092,0.00605183898708131,0.00013186491692167206,0.001846108836903409,2.9770422572598672e-05,0.0004167859160163814
Meppel,33019.99270178563,0.005198906620023106,0.00011407503338964127,0.0015970504674549775,2.5878816241368348e-05,0.0003623034273791568
Almelo,72479.96618724463,0.023751922951592754,0.0005439444682873997,0.007615222556023595,0.00012677769207901206,0.0017748876891061688
Borne,22799.99292155338,0.005035899788143375,0.00011094120549823936,0.0015531768769753514,2.5228583184247573e-05,0.000353200164579466
Dalfsen,28074.99277173499,0.005165944481846487,0.00011220764383679223,0.0015709070137150914,2.5280391412228728e-05,0.00035392547977120226
Deventer,99268.48885772856,0.7624857607895312,0.03262844371617825,0.4567982120264955,0.017281990328686797,0.24194786460161521
Cromstrijen,12794.989623947231,0.00736022727890402,0.00016362383224035327,0.002290733651364946,3.7431200346208104e-05,0.0005240368048469135
Enschede,158149.87631717164,0.08631743670558051,0.0020156662550277734,0.02821932757038883,0.000475359854522875,0.006655037963320251
Barneveld,56354.80677541834,0.1348644970647958,0.0031483286141033373,0.044076600597446725,0.000742343692067138,0.010392811688939931
Haaksbergen,24244.99561326548,0.0031428661896549213,6.774142941313161e-05,0.0009483800117838426,1.5183125846472947e-05,0.00021256376185062125
Hardenberg,60199.982486246525,0.01238605260577705,0.00027790202506037116,0.003890628350845196,6.394469951039944e-05,0.0008952257931455921
Hellendoorn,35769.991009342615,0.00636981581336628,0.0001421301960639798,0.0019898227448957168,3.259257505899133e-05,0.0004562960508258786
Heemstede,26934.963499477642,0.025669807373467315,0.0005858091905335879,0.00820132866747023,0.0001362384750418876,0.0019073386505864263
Diemen,27274.944416939616,0.03902976324108867,0.0008948478261795179,0.01252786956651325,0.00020870531624527075,0.0029218744274337907
Hengelo,80809.94040688792,0.04168954092059249,0.0009665939287790363,0.013532315002906508,0.00022697748223243503,0.0031776847512540907
Harderwijk,46359.956153769446,0.030883288291242282,0.0007015155796748869,0.009821218115448416,0.0001626805715371079,0.0022775280015195102
Kampen,52504.97904012757,0.01483867681247627,0.0003318699241472426,0.004646178938061396,7.620978394764512e-05,0.0010669369752670315
Losser,22474.993956450628,0.004292473289008918,9.505131974625899e-05,0.001330718476447626,2.1687085862604872e-05,0.00030361920207646817
Noordoostpolder,46549.98612635367,0.009811401084893168,0.0002201523771270577,0.0030821332797788077,5.0663971548812686e-05,0.0007092956016833774
Haarlemmerliede en Spaarnwoude,5664.987160550512,0.00903457551612648,0.00020583636617009206,0.0028817091263812883,4.7821898590741884e-05,0.0006695065802703864
Oldenzaal,32004.99050003109,0.0067212556516239984,0.00015061661495991346,0.0021086326094387885,3.463093558267681e-05,0.0004848330981574754
Ommen,17529.995697928985,0.0030620142899364816,6.736229224534474e-05,0.0009430720914348264,1.530815571650519e-05,0.00021431418003107269
Raalte,36894.97439429834,0.0179752919103306,0.0004124499290857701,0.005774299007200782,9.624405467672603e-05,0.0013474167654741645
Staphorst,16614.99662784798,0.0024193980945400864,5.191346324055375e-05,0.0007267884853677525,1.1603465107065042e-05,0.0001624485114989106
Tubbergen,21154.99484443284,0.0036553764451862517,8.137845658066244e-05,0.0011392983921292743,1.8634257857658462e-05,0.00026087961000721845
Urk,20219.997876374066,0.001511956739968981,3.3230703282281294e-05,0.0004652298459519381,7.547242947214697e-06,0.00010566140126100575
Weert,49568.314757129796,0.9083431812303744,0.03479333903406231,0.4871067464768723,0.016999973564027177,0.23799962989638052
Wierden,24219.99296623231,0.005003690552807857,0.00011025922787658384,0.0015436291902721738,2.5079248231864617e-05,0.00035110947524610457
Zwolle,125549.82754968798,0.12050243340844115,0.002803493373619628,0.03924890723067479,0.0006596985329822929,0.0092357794617521
Aalten,27034.982811907757,0.012174091369841981,0.0002718841343003758,0.003806377880205261,6.238259038580853e-05,0.0008733562654013196
Apeldoorn,160031.64485065656,1.7102679732913444,0.07196986867366745,1.0075781614313444,0.03768888933399568,0.5276444506759396
Beuningen,25414.725850439747,2.7339065757562793,0.11193341159765305,1.5670677623671425,0.05741612070209212,0.8038256898292897
Brummen,20839.95097211717,0.0344193414316121,0.0007896577900954095,0.011055209061335732,0.0001842449696371969,0.0025794295749207567
Buren,26284.73169173659,0.18800804303215599,0.004337808577161,0.06072932008025401,0.0010155394481396384,0.01421755227395494
Culemborg,27859.820120684817,0.12587031965824036,0.002916161874638272,0.04082626624493581,0.0006844378274890324,0.009582129584846453
Doesburg,11344.97693985901,0.016348699682047798,0.00036406243674091856,0.0050968741143728605,8.336698367441063e-05,0.001167137771441749
Doetinchem,57074.872276181355,0.08981858048743643,0.0020501652384879382,0.028702313338831137,0.0004768506389178671,0.006675908944850139
Druten,18561.31737865811,1.9370952655281592,0.07739288870596199,1.0835004418834677,0.038975516384577386,0.5456572293840835
Lelystad,76944.93796893363,0.04360328909945474,0.0009965475563422318,0.013951665788791244,0.00023197092750904512,0.0032475929851266314
Horst aan de Maas,42140.30323034605,2.4310569261081945,0.099762678625467,1.396677500756538,0.05128483656428594,0.7179877119000032
Oude IJsselstreek,39559.95270778454,0.03346110791240625,0.0007497124629220521,0.010495974480908731,0.00017236137317741293,0.002413059224483781
Utrechtse Heuvelrug,49399.87103205856,0.09075260098991714,0.0020674192972984324,0.028943870162178056,0.0004802700665723072,0.006723780932012301
Oost Gelre,29634.979955445226,0.014167088828569185,0.00031846001934250835,0.004458440270795117,7.337104366034995e-05,0.0010271946112448997
Koggenland,22514.991086616952,0.006314371970693042,0.00014093789277710693,0.0019731304988794976,3.232951242305906e-05,0.0004526131739228268
Hattem,12039.993320797772,0.004743284340504264,0.0001050785636984796,0.0014710998917787143,2.3982628944690242e-05,0.0003357568052256633
Duiven,25399.790155717685,0.14711072291697297,0.003389410874465896,0.047451752242522544,0.0007928264189791416,0.011099569865707981
Ede,113391.56950414821,1.7647953976550599,0.07313747005206399,1.023924580728896,0.037909226889938384,0.5307291764591374
Elburg,23029.991293434654,0.0061883090638452645,0.00013672830606921416,0.0019141962849689984,3.1155446147898406e-05,0.0004361762460705777
Rozendaal,1489.990862677456,0.006429008195075197,0.00014651230939107971,0.002051172331475116,3.4041980512156055e-05,0.00047658772717018485
Epe,32539.933652227777,0.04627013443692006,0.0010828139542316748,0.015159395359243447,0.00025569523160566196,0.003579733242479268
Ermelo,26594.975540957435,0.017244255067400748,0.00039057293608772567,0.0054680211052281595,9.041289683206787e-05,0.0012657805556489502
Geldermalsen,26578.474657019542,0.8072685395571453,0.031895434010655685,0.44653607614917956,0.015976195382739457,0.2236667353583524
Westervoort,14989.924114335066,0.053331872683334655,0.0012196061907887017,0.01707448667104182,0.0002839799592490574,0.003975719429486803
Heerde,18564.986330331292,0.009651481059599877,0.0002176413857833984,0.0030469794009675777,5.023779068800678e-05,0.0007033290696320949
Heumen,16469.965397714113,2.6614159741703967,0.10545147551895853,1.4763206572654197,0.05276094526189178,0.738653233666485
Lochem,33544.95563295804,0.031145990654446138,0.0007146450768255915,0.010005031075558281,0.00016675834372285888,0.0023346168121200243
Zutphen,47339.922576925936,0.05440846260124437,0.001244485672335147,0.01742279941269206,0.0002898217580576772,0.00405750461280748
Maasdriel,24250.59998271423,2.3152550057052763,0.09244461108296365,1.294224555161491,0.04653954092167032,0.6515535729033846
Nijkerk,41774.929058149275,0.049751214272211325,0.0011450273479875882,0.016030382871826232,0.0002676817492800195,0.003747544489920274
Nijmegen,173512.42539467348,14.320736102108278,0.5844988533954775,8.182983947536684,0.29909242823300264,4.187293995262038
Oldebroek,23259.990967278784,0.006422361751277276,0.00014174735399878727,0.0019844629559830217,3.2276610665312216e-05,0.0004518725493143711
Putten,24424.979571634965,0.01441674302338183,0.0003255553550050936,0.004557774970071311,7.521944563922372e-05,0.0010530722389491321
Renkum,31393.147977914854,0.9799780174030948,0.03875296823361563,0.542541555270619,0.01938330294944638,0.2713662412922494
Rheden,43654.776342712525,0.1567265113738809,0.003615633264566312,0.05061886570392837,0.0008464184754963596,0.011849858656949038
Bunschoten,21024.964561119967,0.024801787904491168,0.0005743558095552609,0.008040981333773654,0.00013478366568505867,0.001886971319590822
Scherpenzeel,9704.988848772957,0.007881798248098797,0.00017715181625213697,0.0024801254275299174,4.081010357808561e-05,0.0005713414500931986
Tiel,41488.18524574355,0.9898644075688849,0.03714544435499214,0.5200362209698899,0.01784721223717037,0.24986097132038518
Voorst,24214.921753421328,0.054615381347333486,0.001274839017207582,0.01784774624090615,0.0003005741377785315,0.004208037928899441
Wageningen,38459.72571468153,0.19149310012952575,0.0044668107881832,0.0625353510345648,0.0010526704345729353,0.014737386084021094
Winterswijk,28899.98436064472,0.011045934479617072,0.00024882450525178575,0.0034835430735250007,5.740354814600482e-05,0.0008036496740440677
Wijchen,40860.77071479973,7.302545925298327,0.3040542796269263,4.256759914776968,0.1577283387046956,2.2081967418657387
Zaltbommel,27716.518606645564,1.812782907983012,0.07364175940855062,1.0309846317197089,0.03759893702166786,0.5263851183033501
Zevenaar,43224.739802834476,0.18237215901319515,0.004204468871183061,0.05886256419656284,0.0009838648966948008,0.01377410855372721
Nunspeet,26894.974655680577,0.017812463498995595,0.0004072880316012208,0.005702032442417092,9.483569671276594e-05,0.001327699753978723
Dronten,40744.96741636541,0.022965641380565283,0.0005206246408461683,0.007288744971846356,0.00012057490668051569,0.0016880486935272195
Neerijnen,12334.65468968553,0.2407633580540065,0.005638036045860359,0.07893250464204501,0.0013317610484051348,0.018644654677671887
Amersfoort,154337.00996306603,1.516678795144458,0.06433339189476733,0.9006674865267427,0.03389048403020752,0.47446677642290536
Baarn,24514.96675561177,0.02341193258557847,0.0005320706398696779,0.007448988958175491,0.00012342640302825687,0.0017279696423955957
De Bilt,42754.90446050606,0.06721163607172545,0.0015323712282307388,0.021453197195230346,0.00035615262899720056,0.004986136805960809
Bunnik,15154.939391367125,0.04260519725873076,0.000973618797994671,0.013630663171925395,0.00022661024309857583,0.003172543403380062
Eemnes,8999.986874679655,0.009272188012528219,0.00020873725712300381,0.0029223215997220536,4.813823174033405e-05,0.0006739352443646766
Houten,49299.829212002805,0.11968186269487283,0.002760792446561404,0.038651094251859655,0.0006462831867523823,0.009047964614533353
Leusden,29674.93562700651,0.04508488919240854,0.0010417468087667268,0.014584455322734176,0.00024412681123381466,0.003417775357273406
Lopik,14209.989204540721,0.007728093512549366,0.0001669920003884715,0.002337888005438601,3.7499050778239606e-05,0.0005249867108953545
Montfoort,13859.976069375014,0.016871133290439447,0.00038216439331692547,0.005350301506436957,8.846838639503697e-05,0.0012385574095305175
Renswoude,5099.989112974815,0.007653642184535291,0.0001748621392082291,0.0024480699489152075,4.069672743537049e-05,0.000569754184095187
Steenwijkerland,43449.9869698782,0.009193113882055723,0.00020776792450355838,0.002908750943049818,4.80326037988463e-05,0.0006724564531838483
Rhenen,19229.874560826327,0.0881753903073295,0.0020152076888854346,0.028212907644396084,0.0004690445355685599,0.006566623497959839
Soest,45869.918112524705,0.057408914101380874,0.00132254033039726,0.018515564625561642,0.00030936374903254665,0.004331092486455653
Utrecht,343011.9102462928,4.2626378055590965,0.16972421178437097,2.3761389649811937,0.08541684832772271,1.195835876588118
Veenendaal,64279.74916662973,0.17560901387515782,0.0040623529623406264,0.056872941472768765,0.0009526041300676844,0.01333645782094758
Woudenberg,12699.978425447855,0.015221072718847586,0.0003440321616129773,0.004816450262581682,7.95331334329624e-05,0.0011134638680614737
Cranendonck,20674.60156506762,0.27773713452616045,0.006508505785187501,0.09111908099262503,0.0015380140716743328,0.02153219700344066
Moerdijk,36929.839986446204,0.11186905388981512,0.0025986979508451627,0.03638177131183228,0.0006109353767759224,0.008553095274862912
Echt-Susteren,31814.841984252078,0.1104906142324601,0.0025654206017139735,0.03591588842399562,0.0006029216443119566,0.008440903020367393
Sluis,23654.976058923934,0.016756922780122193,0.00038793564047434837,0.005431098966640877,9.100791195373474e-05,0.0012741107673522865
Drimmelen,26869.91036906398,0.06306683581360537,0.001437073697696549,0.02011903176775169,0.0003338663164145853,0.004674128429804194
Wijk bij Duurstede,23504.965971784444,0.02416441318486806,0.0005353872561046336,0.0074954215854648705,0.00012219956895272307,0.0017107939653381225
IJsselstein,34209.94411584822,0.039485587067872314,0.0008884468966884366,0.012438256553638114,0.0002047907505786136,0.0028670705081005905
Zeist,62819.84021294793,0.11211935683037283,0.0025762014721794615,0.036066820610512466,0.0006016448773477553,0.008423028282868575
Nieuwegein,61864.67701664552,0.22601122828951908,0.005235925634623722,0.07330295888473212,0.001228882778805669,0.017204358903279364
Aalsmeer,31364.934932317316,0.045596243408785916,0.001051841516177673,0.014725781226487426,0.00024625443517212414,0.0034475620924097382
Alkmaar,108379.92910886959,0.04987042885368817,0.0011370661545935124,0.015918926164309177,0.0002643139491579496,0.0037003952882112955
Blaricum,10199.990119738934,0.007004959652737358,0.00015596816262017485,0.0021835542766824477,3.571859832265783e-05,0.0005000603765172095
Amstelveen,89289.8514023754,0.10433975781920193,0.002392491417156235,0.033494879840187286,0.0005580330352515205,0.007812462493521288
Amsterdam,844846.3712000386,4.532800635322295,0.1813899794326085,2.5394597120565194,0.09167664231164328,1.2834729923630062
Beemster,9209.99409760189,0.004200710339767589,9.243637454558084e-05,0.0012941092436381317,2.1009476738482084e-05,0.0002941326743387492
Bergen (NH.),29844.976517248317,0.0165121112236386,0.0003770033042398889,0.005278046259358445,8.770605987204806e-05,0.0012278848382086729
Beverwijk,40704.937923358724,0.04349770030899235,0.0010036120958758432,0.014050569342261805,0.0002349839687891565,0.0032897755630481914
Bladel,20071.12404722738,1.9843290714164885,0.08292525806566052,1.1609536129192475,0.04318298868141644,0.6045618415398302
Gulpen-Wittem,14354.978204125788,0.015341228611637945,0.00034922095309104827,0.004889093343274677,8.108875348642231e-05,0.0011352425488099125
Tynaarlo,33279.995978319675,0.0029481970630871428,5.902900623893763e-05,0.0008264060873451268,1.2536544807639916e-05,0.0001755116273069588
Eijsden-Margraten,25294.940455322223,0.04171844370781902,0.0009629217122983027,0.01348090397217624,0.00022549389225877154,0.0031569144916228017
Stichtse Vecht,64459.79556149429,0.1431165524933093,0.003311483557384002,0.04636076980337603,0.0007766466573355375,0.010873053202697526
Midden-Drenthe,33399.99077149249,0.006538610237000314,0.00014588047822873356,0.0020423266952022704,3.344600656509266e-05,0.0004682440919112973
Overbetuwe,47399.89532508433,2.659078681488784,0.10796853707999397,1.5115595191199156,0.05507121186504524,0.7709969661106333
Hof van Twente,35014.98524949764,0.010422864681071946,0.00023446733228230972,0.003282542651952336,5.404184627257984e-05,0.0007565858478161176
Neder-Betuwe,23303.40997542911,0.8552901847396415,0.032881025982409474,0.4603343637537327,0.01610126642729389,0.22541772998211446
Geldrop-Mierlo,39065.29288460931,2.4998677434947507,0.09825086533901206,1.375512114746169,0.04889897780670356,0.6845856892938498
Olst-Wijhe,17954.98273733713,0.012118714904334252,0.0002780510521682122,0.003892714730354972,6.487881221119804e-05,0.0009083033709567727
Dinkelland,26234.995677537696,0.0030963984272566474,6.676723903267413e-05,0.0009347413464574376,1.4970352531648276e-05,0.00020958493544307588
Bloemendaal,22814.9773968183,0.01603294475919238,0.00035646727956309334,0.004990541913883306,8.154851662481362e-05,0.0011416792327473906
Goeree-Overflakkee,48649.93545039557,0.04518247735063119,0.0010458113387830429,0.014641358742962601,0.0002453304671182404,0.003434626539655365
Castricum,35209.98315793377,0.011925742090677996,0.00026655866640121033,0.003731821329616945,6.119627610847918e-05,0.0008567478655187086
Edam-Volendam,35799.9750072598,0.01755579216031956,0.000402078383921665,0.005629097374903309,9.371815160656732e-05,0.0013120541224919424
Enkhuizen,18474.996802335907,0.002270925212733213,5.030014952220185e-05,0.0007042020933108258,1.1482442748433017e-05,0.00016075419847806226
Haarlem,159204.7418695604,0.18067403188671732,0.004182503773490686,0.05855505282886961,0.000981256739245863,0.013737594349442083
Haarlemmermeer,145985.96926056172,2.088001801964521,0.08554903332005002,1.1976864664807003,0.043966809103776816,0.6155353274528755
Heemskerk,39164.97560450612,0.017273700357188775,0.00038613856787548005,0.005405939950256722,8.864766651274224e-05,0.0012410673311783916
Heerhugowaard,54939.97742119664,0.015973209454474026,0.000358029801129451,0.005012417215812315,8.234312503218086e-05,0.0011528037504505322
Hoorn,72494.96893589899,0.021896327496056286,0.0004962560462610361,0.006947584647654504,0.00011492885438560715,0.0016090039613985002
Heiloo,22864.991747024294,0.0058682506666511884,0.00012949511352210557,0.0018129315893094778,2.9486555789271992e-05,0.00041281178104980785
Den Helder,56014.97861800754,0.015051900103290362,0.00034250120361813206,0.0047950168506538495,7.950495307817201e-05,0.0011130693430944083
Hilversum,88899.8722477156,0.08984799221472188,0.0020501799068049463,0.028702518695269248,0.0004767729058368955,0.006674820681716535
Papendrecht,32294.947675661246,0.03672378898070078,0.0008431915705477177,0.011804681987668047,0.00019684508097496858,0.00275583113364956
Huizen,41384.96781376149,0.02276148873533285,0.000510767543461307,0.007150745608458298,0.00011754910765743028,0.0016456875072040234
Landsmeer,11269.986563070597,0.009450627952532542,0.00021561464318316096,0.003018605004564253,5.013878668707086e-05,0.000701943013618992
Langedijk,27604.993433912256,0.004699280531512958,0.00010162052941165059,0.0014226874117631082,2.2833284653825674e-05,0.00031966598515355943
Laren,11084.984556478355,0.010913991028414366,0.00024541410263246953,0.0034357974368545733,5.655460525468695e-05,0.0007917644735656173
Purmerend,79919.94667184252,0.03753182275679691,0.000854601667162643,0.011964423340277,0.00019848731346354506,0.0027788223884896305
Medemblik,44014.98710755577,0.009130885536350324,0.00020396133771231567,0.0028554587279724193,4.6809241251953194e-05,0.0006553293775273447
Oostzaan,9649.986580036166,0.009476502210280128,0.00021360031888750856,0.0029904044644251198,4.9297122575401014e-05,0.0006901597160556142
Opmeer,11419.997491973229,0.001794030952768122,3.885802735857283e-05,0.0005440123830200195,8.741693792202162e-06,0.00012238371309083025
Ouder-Amstel,13419.931712353677,0.047721554214330816,0.001109933993435046,0.015539075908090644,0.000261138813968843,0.003655943395563802
Schagen,46189.97948268013,0.01447301104607989,0.0003272704098192388,0.004581785737469344,7.568351149990954e-05,0.0010595691609987337
Texel,13534.955158752871,0.031189541961503663,0.0007356153377739432,0.010298614728835205,0.00017449834014323932,0.0024429767620053507
Uitgeest,13464.990998928835,0.006386235733941978,0.00014187677059266597,0.001986274788297324,3.244559145681201e-05,0.0004542382803953682
Uithoorn,29204.966948324683,0.02330002759101244,0.0005278918734605696,0.007390486228447974,0.00012221797504024243,0.001711051650563394
Velsen,67579.93964964054,0.042594444904613664,0.0009615972107564973,0.013462360950590963,0.00022213042752016707,0.0031098259852823393
Krimpenerwaard,55204.95517709097,0.031675065045180056,0.0007123488960887048,0.009972884545241867,0.00016417403658662002,0.0022984365122126807
De Fryske Marren,51584.98941837868,0.007484145471559022,0.00016787270840441906,0.0023502179176618674,3.8625681427058616e-05,0.0005407595399788206
Midden-Groningen,61124.994543436645,0.003941969667467803,8.275918388185889e-05,0.0011586285743460246,1.821372854318709e-05,0.00025499219960461924
Weesp,18749.976655360435,0.016471259132879258,0.00037219552942868337,0.005210737412001567,8.602983277736822e-05,0.0012044176588831552
Zandvoort,16899.967229232032,0.022947282262079604,0.000530533219010652,0.007427465066149128,0.00012436582784372286,0.0017411215898121201
Barendrecht,48339.92980004424,0.04930845328585898,0.001129473848475269,0.015812633878653767,0.00026329298294244037,0.003686101761194165
Zaanstad,153659.86722024134,0.09332608857029584,0.0021335123728576707,0.029869173220007393,0.000496732300244502,0.006954252203423028
Alblasserdam,20009.98904037919,0.007819124114593571,0.00017075082839814956,0.0023905115975740936,3.8615617864509985e-05,0.0005406186501031398
Nissewaard,85384.9246947827,0.052843126033088356,0.0012139766233185986,0.01699567272646038,0.0002834961276487936,0.00396894578708311
Montferland,35319.871404318124,0.09038566086111538,0.002066294704795239,0.028928125867133343,0.00048104002882110215,0.00673456040349543
Drechterland,19384.992932489233,0.004994246642325067,0.00011232632249696644,0.00157256851495753,2.589128574284229e-05,0.000362478000399792
Alphen aan den Rijn,108904.85628900399,0.10060871215881864,0.0023276006034497546,0.032586408448296564,0.0005458849860902478,0.007642389805263469
Brielle,16834.98703999355,0.009123966610407964,0.00020755656364360837,0.002905791891010517,4.817942579953454e-05,0.0006745119611934836
Capelle aan den IJssel,66414.91207923392,0.061623739966073024,0.001420661246419104,0.019889257449867456,0.00033247382736670966,0.004654633583133935
Delft,101384.84331798073,0.10975699662299104,0.002534579508653605,0.03548411312115046,0.0005937553342101342,0.008312574678941882
Dordrecht,118684.76721248496,0.1630734435495499,0.003765542980485197,0.05271760172679276,0.0008820617844530973,0.012348864982343364
Gorinchem,35754.84907025992,0.10594664671897504,0.002431449108086768,0.03404028751321475,0.0005674237826819373,0.007943932957547122
Gouda,71749.92182396744,0.055008374708376245,0.0012533162330038046,0.017546427262053264,0.0002911942912488525,0.004076720077483935
's-Gravenhage,524822.552887207,2.2919989997521464,0.09467527464069239,1.3254538449696938,0.04899897824538405,0.6859856954353767
Hardinxveld-Giessendam,17869.976222876998,0.016876884716045447,0.00037445995303222914,0.005242439342451209,8.555593282058029e-05,0.001197783059488124
Hillegom,21314.96123838309,0.027153821857796724,0.0006269866737833279,0.008777813432966592,0.00014686632976894395,0.0020561286167652152
Hellevoetsluis,38714.97395026479,0.018334511414956442,0.0004174142603464453,0.005843799644850234,9.693399300319073e-05,0.0013570759020446704
Hendrik-Ido-Ambacht,29729.979823980062,0.014324505892565446,0.00031757404616711087,0.004446036646339552,7.2526890557911e-05,0.0010153764678107538
Stede Broec,21549.9961576298,0.0027318933004913553,6.029808005007301e-05,0.0008441731207010222,1.3733713055047585e-05,0.00019227198277066621
Katwijk,64529.95905543848,0.02885261190388707,0.0006544851899775882,0.009162792659686236,0.000151644784144418,0.002123026978021852
Krimpen aan den IJssel,29119.980281913515,0.013895478924191624,0.0003151541058359698,0.004412157481703578,7.301973146119902e-05,0.0010222762404567863
Leerdam,20899.939704161236,0.04255776518746622,0.0009606502230630361,0.013449103122882503,0.00022188801504336293,0.0031064322106070805
Leiden,123649.83827874083,0.113374556495995,0.0026120664918969044,0.03656893088655666,0.0006110470206946431,0.008554658289725004
Leiderdorp,27129.972028904765,0.0196343654524377,0.00045061199601607925,0.006308567944225109,0.00010516998976786978,0.0014723798567501767
Lisse,22714.961688891643,0.026843272737294817,0.0006194653142917157,0.008672514400084022,0.00014505706043101257,0.002030798846034176
Maassluis,32459.982668735407,0.012230417083207748,0.0002762243857300556,0.0038671414002207777,6.383211485972368e-05,0.0008936496080361315
Nieuwkoop,27899.965922925432,0.023917246374532505,0.0005491293598480415,0.007687811037872582,0.00012819251963882184,0.0017946952749435057
Noordwijk,25839.962889534956,0.026007712965198375,0.000599789313285989,0.008397050386003847,0.00014039415865115445,0.001965518221116162
Noordwijkerhout,16319.987775105383,0.00866146399685112,0.00019325051260942166,0.002705507176531903,4.431152877325274e-05,0.0006203614028255384
Oegstgeest,23609.980434859397,0.013831272308536117,0.00031070395415901006,0.004349855358226141,7.155393195064903e-05,0.0010017550473090863
Oud-Beijerland,24014.985235312684,0.010434484024896426,0.0002346137646109909,0.003284592704553873,5.40664548046263e-05,0.0007569303672647682
Binnenmaas,29114.976132815806,0.016865145215641253,0.0003793615218483691,0.005311061305877166,8.744107664087692e-05,0.0012241750729722767
Korendijk,10954.995777602955,0.0030070216080416985,6.603543439401032e-05,0.0009244960815161445,1.498959471356771e-05,0.00020985432598994797
Oudewater,10179.994293571759,0.004072977935245774,8.882645982405955e-05,0.0012435704375368336,2.0070227302313388e-05,0.00028098318223238744
Rijswijk,51029.92180138016,0.054841312689044214,0.0012621003913657275,0.017669405479120184,0.00029505341880085823,0.004130747863212015
Ridderkerk,45404.946543732454,0.03757887958342087,0.0008586390316367046,0.012020946442913863,0.00019985349958350347,0.002797948994169049
Rotterdam,634658.078493036,3.561818932549693,0.14752245471818837,2.065314366054637,0.07645674738802041,1.0703944634322857
Schiedam,77839.91219855507,0.061605467685111416,0.0014157251637819388,0.019820152292947143,0.00033067331939839583,0.004629426471577542
Sliedrecht,25004.978624084055,0.015194835205883401,0.00033561300149603573,0.004698582020944499,7.645904806371022e-05,0.0010704266728919433
Albrandswaard,25109.972973964497,0.018972219360451785,0.000435330332810473,0.006094624659346622,0.00010159074333130206,0.0014222704066382292
Westvoorne,14254.990545575967,0.006668548506619763,0.000150836358123207,0.0021117090137248986,3.4888676911383834e-05,0.0004884414767593737
Strijen,8784.995695065887,0.0030714732846836745,6.706572376026125e-05,0.0009389201326436575,1.5164998175962962e-05,0.0002123099744634815
Zwijndrecht,44419.953977419675,0.03247471908227767,0.0007336413132230224,0.010270978385122314,0.00016954943629140175,0.002373692108079625
Vianen,19719.871445867433,0.09000159407652256,0.002081963955104735,0.029147495371466287,0.000488205277708736,0.006834873887922304
Vlaardingen,71989.94425977264,0.03921067166920074,0.0008941220823989014,0.012517709153584619,0.00020784829628458558,0.0029098761479841983
Voorschoten,25309.984191297233,0.011164529799243886,0.0002515661060456188,0.003521925484638663,5.804542517312975e-05,0.0008126359524238167
Waddinxveen,26534.977135498775,0.016152049274336576,0.0003636372963244468,0.005090922148542255,8.385950021084702e-05,0.0011740330029518585
Wassenaar,26049.962975897368,0.025960646356605617,0.0005977748956741912,0.008368848539438678,0.00013978885584475223,0.001957043981826531
Woerden,51509.88946814426,0.07755023248754585,0.0017824291316384314,0.024954007842938043,0.0004163457518907735,0.00582884052647083
Zoetermeer,124784.86179059875,0.09683902044839116,0.0022347311971537623,0.031286236760152665,0.0005232941894850833,0.007326118652791166
Zoeterwoude,8364.99292755812,0.005010752966316326,0.00011180702623685073,0.0015652983673159105,2.5638901282136028e-05,0.0003589446179499045
Borsele,22689.99465304322,0.0038815820272589535,8.022966361816465e-05,0.001123215290654305,1.7461986640701784e-05,0.000244467812969825
Goes,37264.96623810582,0.023714910041608646,0.0005431846558012782,0.007604585181217895,0.0001266142859407613,0.0017726000031706582
Kapelle,12624.997099257711,0.0021063736950595784,4.3495873827936594e-05,0.0006089422335911123,9.462032631663778e-06,0.0001324684568432929
West Maas en Waal,18820.97946624725,2.1130805374210593,0.08455283282091433,1.1837396594928007,0.042610714867969406,0.5965500081515717
Hulst,27399.98947438587,0.007390806997376966,0.00016946161323951275,0.0023724625853531783,3.952552915527011e-05,0.0005533574081737814
Reimerswaal,22359.983932541083,0.011342881197975973,0.0002558865253568959,0.003582411354996543,5.908532237769104e-05,0.0008271945132876746
Tholen,25529.98540786797,0.010371789268259275,0.00022915049710711758,0.003208106959499646,5.220568667881829e-05,0.0007308796135034561
Middelburg,48024.964035118726,0.025325228807823372,0.0005757421639309798,0.008060390295033717,0.00013356800071823234,0.0018699520100552529
Giessenlanden,14584.971805588357,0.020108097820968375,0.0004396121262499646,0.006154569767499505,9.94754618671983e-05,0.001392656466140776
Zederik,13839.976858733278,0.016464054227975415,0.0003626700685512926,0.005077380959718096,8.247743102661745e-05,0.0011546840343726445
Terneuzen,54584.981674263574,0.01293489440483465,0.00029195691806453304,0.004087396852903463,6.743254971828038e-05,0.0009440556960559255
Pekela,12514.99984789263,0.0001272020030867808,1.5086799433974463e-06,2.1121519207564248e-05,1.5167778584372812e-07,2.123489001812194e-06
Reusel-De Mierden,12904.767769103952,0.16193217115158298,0.0037911839066352405,0.05307657469289336,0.0008953977532766631,0.012535568545873281
Roerdalen,20694.912832930513,0.06111597801773551,0.0014075631164201597,0.019705883629882237,0.0003291763147099592,0.004608468405939429
Roosendaal,77164.82235866843,0.12436304635349017,0.0028771630823286832,0.04028028315260157,0.0006747225976034668,0.009446116366448536
Veere,21894.94440357552,0.038693576830852616,0.0009109761815272447,0.012753666541381426,0.0002158803283997186,0.00302232459759606
Vlissingen,44389.97427520945,0.018157693530554214,0.00040982506469645544,0.005737550905750375,9.46480696108464e-05,0.0013250729745518494
Maasgouw,23729.83357710785,0.1162971602345193,0.0027052358609136306,0.037873302052790825,0.0006364796001020277,0.008910714401428387
Eemsmond,15654.99934266992,0.00048140409018771624,9.667738139239289e-06,0.00013534833394935003,2.0606612373815827e-06,2.884925732334216e-05
Gemert-Bakel,29995.82272803266,14.579877963308782,0.6342563777839735,8.87958928897563,0.3389032224846645,4.744645114785302
Halderberge,29584.959908305605,0.028416132511316257,0.0006332900525072316,0.008866060735101242,0.00014508073956119805,0.002031130353856773
Lingewaal,11154.929147604736,0.049861504907234795,0.0011356289582462782,0.015898805415447893,0.0002637637321972297,0.0036926922507612156
De Ronde Venen,42764.93444968434,0.0460955726991778,0.0010522330625961042,0.014731262876345458,0.0002447498013342373,0.003426497218679323
Tytsjerksteradiel,31964.99795371033,0.0014739576838763222,3.12342134676884e-05,0.00043727898854763756,6.921251822133777e-06,9.689752550987287e-05
Aalburg,13074.78659216274,0.14918533477187843,0.0034664947612101965,0.048530926656942745,0.0008150054047647347,0.011410075666706284
Asten,16717.764409043444,1.1786692194491346,0.046884637712174,0.656384927970436,0.023576811428047385,0.33007535999266335
Baarle-Nassau,6654.969356675739,0.02156148825633242,0.0004913140446187629,0.006878396624662679,0.000114141689024635,0.0015979836463448898
Bergen op Zoom,66174.89092309214,0.07627879046264252,0.0017705051429509548,0.02478707200131337,0.00041603601641413893,0.005824504229797946
Best,29176.725576809647,4.290332916941079,0.17560703462772498,2.45849848478815,0.08999898359969154,1.2599857703956818
Boekel,10372.253315121025,20.690647230218797,0.9472931154343882,13.262103616081436,0.5231093944827171,7.323531522758039
Boxmeer,28696.430469894312,7.0187510365635815,0.2884845353082429,4.038783494315401,0.1482340692999316,2.0752769701990426
Boxtel,30647.311074650635,4.018645200145391,0.16234317400959408,2.2728044361343174,0.08234216927173096,1.1527903698042334
Breda,182194.41666044475,2.909415632165836,0.11802327191663957,1.652325806832954,0.06023832295442676,0.8433365213619748
Deurne,31914.04892418585,3.1466699158391225,0.12463888884228748,1.7449444437920247,0.06232150437882589,0.8725010613035624
Dongen,25499.78878957065,0.14773622123334906,0.003426786565067659,0.04797501191094723,0.000804827309247434,0.011267582329464077
Eersel,18541.744274712553,1.6755006998985613,0.06941385045099618,0.9717939063139465,0.03593445538551861,0.5030823753972605
Eindhoven,226820.56173966752,25.346457552245795,1.0569538556310976,14.797353978835366,0.5491663297179472,7.688328616051261
Etten-Leur,43024.83611831038,0.11450575786726504,0.0026646393050813524,0.03730495027113894,0.0006270894792890088,0.008779252710046124
Schouwen-Duiveland,33759.934927570066,0.045355332503966936,0.0010631739998683818,0.014884435998157346,0.00025129916274644877,0.003518188278450282
Aa en Hunze,25274.93312805733,0.04642771899507149,0.0011009484784707982,0.015413278698591175,0.0002619997661243594,0.0036679967257410313
Geertruidenberg,21494.82040008743,0.12565832858559461,0.0029124045949960545,0.04077366432994477,0.0006837010042529514,0.009571814059541318
Gilze en Rijen,26219.73800892609,0.1830918899756678,0.004258228170011287,0.05961519438015803,0.0010017174256631701,0.014024043959284383
Goirle,23314.73179132084,0.18737856107278061,0.00436199110554715,0.061067875477660086,0.001026683433883228,0.014373568074365193
Grave,12357.978462139725,6.056706544309461,0.25999076470119964,3.6398707058167945,0.1376646563630456,1.927305189082638
Haaren,13913.029006397603,1.0644019102701994,0.04066478747846393,0.569307024698495,0.019774658663431224,0.2768452212880371
Helmond,90544.558324665,8.108039335722726,0.32494589635086174,4.549242548912065,0.16396317026724883,2.2954843837414836
's-Hertogenbosch,152368.7414656886,26.227646282131325,1.097508740346027,15.365122364844378,0.571217128274577,7.997039795844078
Heusden,43503.96988981201,3.1309572977080764,0.1278258865600418,1.789562411840585,0.06545097279182056,0.9163136190854879
Hilvarenbeek,15264.71302232869,0.2002330933009102,0.004679115361515147,0.06550761506121205,0.0011038565058798656,0.015453991082318116
Loon op Zand,23088.098294988173,0.9958123297832288,0.040071268872320806,0.5609977642124913,0.02032157659752952,0.28450207236541336
Sint-Michielsgestel,28582.819069835736,6.3257909013107945,0.2583282795815066,3.616595914141092,0.13201433794902284,1.84820073128632
Mill en Sint Hubert,10773.425109744909,15.39868693465395,0.6965945505761588,9.752323708066223,0.38181900411976777,5.34546605767675
"Nuenen, Gerwen en Nederwetten",22860.96411304672,2.125483637769579,0.08473961651337708,1.186354631187279,0.042620604520699865,0.5966884632897981
Oirschot,18501.713726489797,1.721664209893888,0.06924650867460677,0.9694511214444949,0.03506077801287096,0.4908508921801935
Oisterwijk,25935.317961809396,2.370217121911412,0.10089837051405952,1.4125771871968331,0.053223034065339514,0.7451224769147531
Oosterhout,54604.62622634887,0.26141606544586077,0.006065609226362734,0.08491852916907827,0.001424896486160357,0.019948550806244997
Oss,90279.84898087186,44.54579076937023,1.9732732219148956,27.625825106808538,1.0670753353359168,14.939054694702836
Rucphen,22334.951074874138,0.034421543887695964,0.0007845862333693944,0.010984207267171522,0.00018231923153431777,0.0025524692414804493
Someren,19039.46966025517,0.36971088380517336,0.008661974301323757,0.12126764021853259,0.0020466164335894237,0.028652630070251935
Son en Breugel,16614.089195359553,5.564849671131671,0.23410068046010715,3.2774095264415,0.12229631749411443,1.7121484449176023
Nederweert,16864.758411785715,0.16876522025400592,0.0039297568723039725,0.05501659621225562,0.0009251093964773283,0.012951531550682599
Borger-Odoorn,25354.995698551622,0.0031047721079736235,6.536881109298228e-05,0.0009151633553017519,1.440960706040477e-05,0.0002017344988456668
Steenbergen,23959.983130538625,0.012013391973872571,0.00026385786441735735,0.003694010101843003,5.988009551093744e-05,0.0008383213371531243
Waterland,17294.985332128937,0.010329671505343658,0.00023475505917910878,0.003286570828507523,5.4458244415794535e-05,0.0007624154218211235
Tilburg,213802.59739423287,6.540672411097185,0.26012719063997497,3.64178066895965,0.13066836642738983,1.8293571299834577
Uden,39715.888637980126,351.8660558852904,32.58330382946962,456.1662536125747,55.233049912836044,773.2626987797046
Valkenswaard,30511.659223078448,1.737701488397713,0.07072029931891285,0.9900841904647798,0.03615139622483459,0.5061195471476841
Cuijk,24679.73793657851,7.799682767941614,0.32704311584443235,4.578603621822053,0.17044892772566983,2.3862849881593777
Veldhoven,44722.338143018715,4.020263089918165,0.1612722850469639,2.2578119906574945,0.08150064104400125,1.1410089746160177
Vught,26179.36108979591,2.981155712859204,0.11810793196514055,1.6535110475119676,0.05907570078321612,0.8270598109650257
Landerd,15274.754964649239,26.799025873230768,1.2226781638326363,17.117494293656907,0.6737224680027112,9.432114552037957
De Wolden,23734.99555421121,0.0031612167069907703,6.975406023366434e-05,0.0009765568432713007,1.588407878648286e-05,0.00022237710301076008
Lansingerland,60104.92951694221,0.049468597579593786,0.001135815011913073,0.015901410166783023,0.00026514900165258617,0.0037120860231362072
Leudal,35888.56408519801,0.7514370626811759,0.030263242550605272,0.42368539570847386,0.01536860673697646,0.21516049431767045
Noord-Beveland,7384.991952486198,0.005684875188210993,0.00012799595224181228,0.0017919433313853719,2.9513288655308396e-05,0.0004131860411743176
Wijdemeren,23439.976424953995,0.016726014015110383,0.00037162299332452815,0.005202721906543394,8.497913956730739e-05,0.0011897079539423035
Noordenveld,32964.99694490744,0.0022038929659542695,4.6481756683325635e-05,0.0006507445935665589,1.026488317031219e-05,0.0001437083643843707
Twenterand,33778.99276432493,0.005137259824369964,0.00011388665356956235,0.001594413149973873,2.6007695886323693e-05,0.00036410774240853175
Westerveld,19030.996663892493,0.0023699869140888412,5.2443960756819295e-05,0.0007342154505954701,1.1964078806078936e-05,0.0001674971032851051
Waalre,16898.34320815633,0.908180379901661,0.03380761877984803,0.47330666291787243,0.01609981213795254,0.22539736993133555
Sint Anthonis,11581.472593291366,6.787173726018857,0.2933076153212064,4.106306614496891,0.15604125018660486,2.184577502612468
Waalwijk,47416.30890290831,1.9717117683632246,0.0767284008416352,1.0741976117828929,0.037897287380616346,0.5305620233286289
Werkendam,26844.823826951688,0.12347591290179108,0.0028469027849094657,0.03985663898873252,0.0006662395757597773,0.00932735406063688
Woensdrecht,21834.976032253788,0.01693268095702163,0.00038113324819280016,0.005335865474699202,8.787110207390876e-05,0.0012301954290347226
Woudrichem,14544.897014954522,0.07239692989212171,0.0016542332970011912,0.023159266158016677,0.00038497440882272074,0.0053896417235180915
Zundert,21649.950075534376,0.03506665874526811,0.0008032821528369751,0.011245950139717652,0.00018723830563670475,0.0026213362789138665
Onderbanken,7854.987139573923,0.00905466167854952,0.0002059252857288973,0.002882954000204562,4.779234082847493e-05,0.0006690927715986489
Wormerland,15819.991084485568,0.00634012379028817,0.00013985628596869745,0.0019579880035617645,3.183642352648894e-05,0.0004457099293708453
Brunssum,28354.963346512108,0.02581783200912823,0.0005864007240281241,0.008209610136393737,0.00013597633503509033,0.0019036686904912647
Landgraaf,37459.9528555769,0.03322931259237902,0.0007532327346359748,0.010545258284903648,0.00017444129943257238,0.002442178192056013
Beek,15954.949987689055,0.03503875828393044,0.000808812031137101,0.011323368435919415,0.00018942481308013213,0.0026519473831218498
Mook en Middelaar,7771.988298739754,1.5728788191232477,0.06359398227942728,0.890315751911982,0.032327513795444233,0.45258519313621937
Beesel,13404.90226094117,0.06839704223176166,0.0015843348741942155,0.022180688238719014,0.00037179956574773975,0.005205193920468356
Bergen (L.),13086.264556841099,1.9197968411511859,0.07972700979589549,1.116178137142537,0.041316078054045455,0.5784250927566363
Gennep,17128.78459889485,3.1915436052425235,0.13273965532499912,1.8583551745499878,0.0688508446688039,0.9639118253632546
Heerlen,87174.81929314877,0.12661071342118246,0.0029221158387145855,0.040909621742004194,0.0006842933491622874,0.009580106888272023
Kerkrade,45939.94687899596,0.037422226266047076,0.0008496255198778028,0.01189475727828924,0.00019695966569350146,0.002757435319709021
Maastricht,122743.17826901676,0.9552323765280042,0.03834694699473741,0.5368572579263238,0.01941962678609887,0.27187477500538415
Meerssen,19074.958768640798,0.028930389066902304,0.0006648015657022195,0.009307221919831073,0.00015526311015007444,0.002173683542101042
Nuth,15304.973434787891,0.018734233887533886,0.00042397412425754417,0.005935637739605619,9.80910905553871e-05,0.0013732752677754196
Roermond,57382.859284235616,1.115406277401479,0.045250590358447536,0.6335082650182655,0.023103375440930142,0.323447256173022
Schinnen,12959.971659465593,0.019873990926036735,0.00045747267551853233,0.006404617457259453,0.00010696355648421964,0.0014974897907790749
Simpelveld,10574.988065237192,0.00843098212696377,0.00018981232124415075,0.002657372497418111,4.3773057469534566e-05,0.0006128228045734841
Venray,43575.516784138475,4.8770719431699785,0.20233484489848455,2.832687828578784,0.10474141632513673,1.4663798285519143
Teylingen,36079.96302042184,0.025999912371847976,0.0005938052842606968,0.008313273979649753,0.0001381724349675495,0.0019344140895456927
Heeze-Leende,15707.105312080394,1.476803330907516,0.0620646516570761,0.8689051231990655,0.032460987589335355,0.4544538262506951
Laarbeek,21928.126914940054,6.0980530442610625,0.2536213378636842,3.550698730091579,0.1313807965153246,1.8393311512145445
De Marne,10064.999559373888,0.00031937209692934536,6.633688786409447e-06,9.287164300973226e-05,1.4499122943078944e-06,2.0298772120310523e-05
Lingewaard,46176.27014603978,1.9119802913390382,0.0797183101864578,1.1160563426104093,0.041473267738766,0.5806257483427242
Bernheze,30132.802206939872,32.88691751111566,1.4794229104259555,20.71192074596338,0.8079687928411992,11.311563099776787
Ferwerderadiel,8729.999916729537,6.963488988063797e-05,8.259915382381461e-07,1.1563881535334046e-05,8.30467522269855e-08,1.1626545311777971e-06
Alphen-Chaam,10054.94970883572,0.035365729344852964,0.0008072765127935239,0.011301871179109337,0.0001877524827883853,0.0026285347590373946
Bergeijk,18343.151177560372,0.9821936580828358,0.03857794906657062,0.5400912869319886,0.019197303036364532,0.2687622425091034
Rijssen-Holten,37984.96831345497,0.022148862746076022,0.0005147827270311316,0.007206958178435842,0.00012106275843279873,0.0016948786180591823
Westland,105649.88607346092,0.07982892681857612,0.0018419037202771194,0.02578665208387967,0.00043127043131177333,0.006037786038364827
Midden-Delfland,19034.984400753594,0.011042743727597101,0.00024702989545945605,0.003458418536432385,5.673694976064834e-05,0.0007943172966490769
Berkelland,44224.98106257066,0.013421633007518443,0.0002991627955910943,0.0041882791382753205,6.85569597480268e-05,0.0009597974364723754
Bronckhorst,36414.95101233624,0.03467745366783889,0.0007758210588492593,0.010861494823889631,0.00017819294704689845,0.002494701258656578
Sittard-Geleen,93107.43206679427,1.291685282293908,0.055548459594162145,0.7776784343182701,0.029534735302019884,0.41348629422827843
Kaag en Braassem,26368.963656195323,0.5016342749620728,0.022958491427899068,0.32141887999058694,0.012688810552977693,0.17764334774168772
Dantumadiel,18949.999760131326,0.00018572485398660307,3.063693734087515e-06,4.289171227722521e-05,5.458939067981696e-07,7.642514695174375e-06
Zuidplas,41469.9494622078,0.03556021371882044,0.0008102453610864844,0.011343435055210783,0.00018825987106113037,0.002635638194855825
Peel en Maas,43346.71772818728,1.687395335906344,0.07001719192224762,0.9802406869114668,0.036307906531957174,0.5083106914474004
Oldambt,38099.998088267894,0.001386796141095674,2.872977772958515e-05,0.00040221688821419214,6.265953275592331e-06,8.772334585829263e-05
Zwartewaterland,22309.99624516074,0.0027087025402944684,5.7128048420300415e-05,0.0007997926778842057,1.2614399901996783e-05,0.00017660159862795493
Súdwest-Fryslân,89554.9752941918,0.01736880898948142,0.00039679352294937943,0.005555109321291312,9.233975719212105e-05,0.0012927566006896948
Bodegraven-Reeuwijk,33719.95841970148,0.029325253165382363,0.0006635129044123286,0.0092891806617726,0.0001534901188582706,0.0021488616640157883
Hollands Kroon,47599.984446256305,0.010999624569062252,0.00024680827186378506,0.0034553158060929906,5.679966988201716e-05,0.0007951953783482401
Leidschendam-Voorburg,74594.91463991338,0.05985593560231431,0.0013780430852511495,0.01929260319351609,0.0003222336500243042,0.0045112711003402585
Pijnacker-Nootdorp,52659.94780216927,0.03670782149845818,0.0008378030493209477,0.011729242690493268,0.00019486423325822388,0.0027280992656151335
Molenwaard,29199.97284292517,0.019266505293198052,0.0004281168467869177,0.005993635855016848,9.792112238845533e-05,0.0013708957134383748
Gooise Meren,56924.91812175207,0.05752920998826204,0.0013165468405275456,0.01843165576738564,0.00030672235567311167,0.004294112979423562
Berg en Dal,34755.8324454363,2.2381487646376725,0.08631783714779895,1.2084497200691853,0.042309216123589684,0.5923290257302556
Meierijstad,79740.16496787734,65.67172070176778,2.97693729819285,41.6771221746999,1.6339501298652466,22.87530181811346
Waadhoeke,46054.996809043274,0.002301434556229821,4.857137657488316e-05,0.0006799992720483642,1.0730101698412735e-05,0.0001502214237777783
Westerwolde,24824.998841680885,0.000850063690094551,1.6955306853516456e-05,0.0002373742959492304,3.5950544677394977e-06,5.033076254835297e-05
